countbin,counts,original_count,correct%,correct,MCAS_real,MCAS,DA_avg_time,DA_avg_time_seconds,DA_avg_attempt,DA_avg_hint
1,0-20,20,0.38441994,3.844199404,28.47938144,2.847938144,2.37438634,142.4631804,1.538521479,0.505040532
2,21-40,40,0.406960369,4.069603686,31.38979118,3.138979118,1.503143038,90.1885823,1.537992353,0.432268707
3,41-60,60,0.396034224,3.960342236,28.8,2.88,1.011873105,60.7123863,1.527538651,0.420759201
4,61-80,80,0.474455986,4.744559862,32.19230769,3.219230769,0.815621771,48.93730626,1.5089773,0.43865895
5,81-106,100,0.384303569,3.843035693,24.14285714,2.414285714,0.583969106,35.03814635,1.427711578,0.80733423